dataset,acc
adm,65.2
biggan,98.2
glide,99.3
midjourney,68.5
sdv5,55.60000000000001
vqdm,58.699999999999996
wukong,52.7
