dataset,acc
adm,52.300000000000004
biggan,55.1
glide,62.1
midjourney,54.6
sdv5,53.900000000000006
vqdm,49.8
wukong,55.60000000000001
