dataset,acc
adm,62.6
biggan,97.8
glide,99.1
midjourney,67.10000000000001
sdv5,53.800000000000004
vqdm,56.89999999999999
wukong,51.4
