dataset,acc
adm,54.900000000000006
biggan,59.599999999999994
glide,60.8
midjourney,51.5
sdv5,49.7
vqdm,49.9
wukong,49.9
