dataset,acc
adm,61.6
biggan,48.699999999999996
glide,49.6
midjourney,50.9
sdv5,51.300000000000004
vqdm,49.3
wukong,51.2
