dataset,acc
adm,98.8
biggan,59.699999999999996
glide,59.099999999999994
midjourney,54.2
sdv5,49.4
vqdm,52.0
wukong,50.1
