dataset,acc
adm,50.8
biggan,51.300000000000004
glide,53.800000000000004
midjourney,53.400000000000006
sdv5,51.5
vqdm,50.3
wukong,52.2
