dataset,acc
adm,58.099999999999994
biggan,54.6
glide,78.60000000000001
midjourney,87.8
sdv5,89.8
vqdm,56.699999999999996
wukong,84.3
