dataset,acc
adm,47.599999999999994
biggan,50.7
glide,50.0
midjourney,52.5
sdv5,47.199999999999996
vqdm,50.0
wukong,48.699999999999996
