dataset,acc
adm,77.0
biggan,89.8
glide,86.5
midjourney,54.300000000000004
sdv5,57.4
vqdm,92.30000000000001
wukong,55.50000000000001
