dataset,acc
adm,74.7
biggan,83.6
glide,82.19999999999999
midjourney,52.7
sdv5,56.10000000000001
vqdm,92.30000000000001
wukong,53.7
