dataset,acc
adm,57.99999999999999
biggan,99.3
glide,95.5
midjourney,55.800000000000004
sdv5,50.4
vqdm,53.900000000000006
wukong,50.0
