dataset,acc
adm,50.8
biggan,56.39999999999999
glide,56.49999999999999
midjourney,54.6
sdv5,54.2
vqdm,50.7
wukong,54.6
